clip,codec,src_bytes,dst_bytes,ratio,duration_s,encode_time_s,encode_fps,decode_time_s,psnr_db,ssim
padalarang_-_cihaliwung_-_cikalong_20260903_034502.ts,h264_crf28,1689744,2070999,0.8159076851316683,28.0,11.502,2.43,1.13,42.033,0.98381
padalarang_-_cihaliwung_-_cikalong_20260903_034502.ts,h264_crf23,1689744,3333729,0.506863035357703,28.0,13.025,2.15,1.262,45.419,0.9912
padalarang_-_cihaliwung_-_cikalong_20260903_034502.ts,h264_ultrafast,1689744,5103129,0.33111920157221186,28.0,2.472,11.32,0.654,42.74,0.979
padalarang_-_cihaliwung_-_cikalong_20260903_034502.ts,h265_crf32,1689744,1248269,1.35366976188626,28.0,22.073,1.27,1.468,38.656,0.96413
padalarang_-_cihaliwung_-_cikalong_20260903_034502.ts,h265_crf28,1689744,2155003,0.7841028527570495,28.0,25.272,1.11,1.711,41.266,0.97752
padalarang_-_cihaliwung_-_cikalong_20260903_034502.ts,av1_crf35,1689744,3991776,0.42330631778937494,28.0,29.39,0.95,1.641,45.264,0.98888
padalarang_-_cihaliwung_-_cikalong_20260903_034502.ts,av1_crf30,1689744,5290102,0.3194161473635102,28.0,29.206,0.96,1.84,46.794,0.99152
padalarang_-_gedong_5_atas_-_stasiun_20260903_034027.ts,h264_crf28,1795964,1825488,0.9838267904253547,28.0,10.545,2.66,1.1,41.079,0.98521
padalarang_-_gedong_5_atas_-_stasiun_20260903_034027.ts,h264_crf23,1795964,2993579,0.5999387355403014,28.0,11.954,2.34,1.238,44.863,0.992
padalarang_-_gedong_5_atas_-_stasiun_20260903_034027.ts,h264_ultrafast,1795964,4905955,0.36607836802416654,28.0,2.496,11.22,0.64,42.929,0.9836
padalarang_-_gedong_5_atas_-_stasiun_20260903_034027.ts,h265_crf32,1795964,1202632,1.4933612277072288,28.0,20.343,1.38,1.452,37.43,0.96844
padalarang_-_gedong_5_atas_-_stasiun_20260903_034027.ts,h265_crf28,1795964,2024864,0.8869553708298434,28.0,22.739,1.23,2.059,40.348,0.98082
padalarang_-_gedong_5_atas_-_stasiun_20260903_034027.ts,av1_crf35,1795964,4286099,0.4190206525794201,28.0,26.584,1.05,1.585,46.106,0.99213
padalarang_-_gedong_5_atas_-_stasiun_20260903_034027.ts,av1_crf30,1795964,5510646,0.32590806958022706,28.0,26.449,1.06,1.775,47.769,0.99396
padalarang_-_gedong_5_bawah_20260903_034016.ts,h264_crf28,1741068,1851752,0.940227417062328,28.0,11.463,2.44,1.114,42.368,0.98515
padalarang_-_gedong_5_bawah_20260903_034016.ts,h264_crf23,1741068,3045370,0.5717098414970923,28.0,13.261,2.11,1.241,45.85,0.99173
padalarang_-_gedong_5_bawah_20260903_034016.ts,h264_ultrafast,1741068,4489005,0.38785165086695156,28.0,2.466,11.36,0.64,43.6,0.98198
padalarang_-_gedong_5_bawah_20260903_034016.ts,h265_crf32,1741068,1031734,1.6875163559599664,28.0,21.616,1.3,1.403,39.113,0.97026
padalarang_-_gedong_5_bawah_20260903_034016.ts,h265_crf28,1741068,1767723,0.9849212800874345,28.0,24.507,1.14,1.602,41.747,0.98061
padalarang_-_gedong_5_bawah_20260903_034016.ts,av1_crf35,1741068,3414479,0.5099073680054849,28.0,25.428,1.1,1.474,46.161,0.99017
padalarang_-_gedong_5_bawah_20260903_034016.ts,av1_crf30,1741068,4533575,0.3840386449987041,28.0,24.955,1.12,1.68,47.6,0.99231
padalarang_-_giant_-_tagog_20260903_034324.ts,h264_crf28,1666996,1736207,0.9601366657316783,28.0,12.482,2.24,1.117,44.886,0.98805
padalarang_-_giant_-_tagog_20260903_034324.ts,h264_crf23,1666996,2932032,0.5685463187304913,28.0,14.843,1.89,1.245,48.057,0.99295
padalarang_-_giant_-_tagog_20260903_034324.ts,h264_ultrafast,1666996,3678029,0.4532307929056568,28.0,2.496,11.22,0.617,46.018,0.98604
padalarang_-_giant_-_tagog_20260903_034324.ts,h265_crf32,1666996,692836,2.406047029888747,28.0,21.193,1.32,1.305,41.794,0.97652
padalarang_-_giant_-_tagog_20260903_034324.ts,h265_crf28,1666996,1279154,1.3032019600454676,28.0,24.132,1.16,1.508,44.24,0.98414
padalarang_-_giant_-_tagog_20260903_034324.ts,av1_crf35,1666996,1995188,0.8355082328081364,28.0,23.772,1.18,1.216,46.898,0.98959
padalarang_-_giant_-_tagog_20260903_034324.ts,av1_crf30,1666996,2750589,0.606050558625807,28.0,23.945,1.17,1.376,48.101,0.9915
padalarang_-_jl_baru_kbp_20260903_034203.ts,h264_crf28,1716628,2283511,0.7517493894270708,28.0,12.718,2.2,1.167,42.483,0.98523
padalarang_-_jl_baru_kbp_20260903_034203.ts,h264_crf23,1716628,3633262,0.47247569814673424,28.0,14.644,1.91,1.321,45.74,0.99128
padalarang_-_jl_baru_kbp_20260903_034203.ts,h264_ultrafast,1716628,5541938,0.30975229242911057,28.0,2.571,10.89,0.672,42.661,0.97826
padalarang_-_jl_baru_kbp_20260903_034203.ts,h265_crf32,1716628,1356788,1.2652146097990253,28.0,24.093,1.16,1.543,38.969,0.96845
padalarang_-_jl_baru_kbp_20260903_034203.ts,h265_crf28,1716628,2291871,0.7490072521533716,28.0,28.011,1.0,1.788,41.704,0.98046
padalarang_-_jl_baru_kbp_20260903_034203.ts,av1_crf35,1716628,3889635,0.4413339554996806,28.0,29.244,0.96,1.688,45.142,0.9884
padalarang_-_jl_baru_kbp_20260903_034203.ts,av1_crf30,1716628,5191384,0.33066866176726667,28.0,29.086,0.96,1.92,46.566,0.99081
padalarang_giant_-_tol_20260903_034248.ts,h264_crf28,1770584,1515002,1.1687007673917262,28.0,11.528,2.43,1.089,44.087,0.98432
padalarang_giant_-_tol_20260903_034248.ts,h264_crf23,1770584,2502202,0.707610336815333,28.0,13.241,2.11,1.212,47.602,0.99169
padalarang_giant_-_tol_20260903_034248.ts,h264_ultrafast,1770584,3318113,0.5336117244952177,28.0,2.436,11.49,0.601,45.421,0.98321
padalarang_giant_-_tol_20260903_034248.ts,h265_crf32,1770584,585365,3.0247520777634467,28.0,18.688,1.5,1.241,41.054,0.96954
padalarang_giant_-_tol_20260903_034248.ts,h265_crf28,1770584,1105849,1.601108288744666,28.0,21.527,1.3,1.411,43.283,0.97881
padalarang_giant_-_tol_20260903_034248.ts,av1_crf35,1770584,2380302,0.743848469647969,28.0,24.399,1.15,1.256,47.179,0.98972
padalarang_giant_-_tol_20260903_034248.ts,av1_crf30,1770584,3215148,0.5507006209356459,28.0,24.488,1.14,1.384,48.454,0.99188
tagog_padalarang_-_bandung_20260903_034111.ts,h264_crf28,3238300,2357425,1.373659819506453,28.0,13.089,2.14,1.203,41.826,0.98154
tagog_padalarang_-_bandung_20260903_034111.ts,h264_crf23,3238300,4022713,0.8050039861158378,28.0,15.507,1.81,1.397,45.417,0.99027
tagog_padalarang_-_bandung_20260903_034111.ts,h264_ultrafast,3238300,5332812,0.6072406077694095,28.0,2.695,10.39,0.686,43.454,0.98115
tagog_padalarang_-_bandung_20260903_034111.ts,h265_crf32,3238300,1065762,3.038483263617956,28.0,21.089,1.33,1.402,38.463,0.96234
tagog_padalarang_-_bandung_20260903_034111.ts,h265_crf28,3238300,1973292,1.6410647790595614,28.0,24.277,1.15,1.651,41.103,0.97574
tagog_padalarang_-_bandung_20260903_034111.ts,av1_crf35,3238300,3851992,0.840681912111967,28.0,28.917,0.97,1.58,45.205,0.98755
tagog_padalarang_-_bandung_20260903_034111.ts,av1_crf30,3238300,5185141,0.6245346076413351,28.0,28.243,0.99,1.735,46.579,0.99018
padalarang_giant_-_tol_20260903_034632.ts,h264_crf28,1490840,1279293,1.1653624306550572,23.96,9.659,2.48,0.969,43.724,0.98419
padalarang_giant_-_tol_20260903_034632.ts,h264_crf23,1490840,2144092,0.695324640920259,23.96,11.08,2.16,1.064,47.288,0.99174
padalarang_giant_-_tol_20260903_034632.ts,h264_ultrafast,1490840,2922661,0.5100967919303676,23.96,2.087,11.48,0.527,45.269,0.98388
padalarang_giant_-_tol_20260903_034632.ts,h265_crf32,1490840,552267,2.699491369210907,23.96,15.762,1.52,1.063,40.578,0.9682
padalarang_giant_-_tol_20260903_034632.ts,h265_crf28,1490840,1024139,1.4557008374839744,23.96,17.815,1.34,1.228,42.95,0.97855
padalarang_giant_-_tol_20260903_034632.ts,av1_crf35,1490840,2196632,0.6786935636010037,23.96,21.383,1.12,1.135,47.296,0.99044
padalarang_giant_-_tol_20260903_034632.ts,av1_crf30,1490840,2950686,0.5052519990266671,23.96,20.999,1.14,1.237,48.651,0.99257
